HTML Content,Label
<html>    <body>        <section>jam</section>    </body></html>,HTML Tag
<html>    <body>        <p>This is the body of the page.</p>        <footer>jam</footer>    </body></html>,HTML Tag
<html>    <body>        <p>This is the body of the page.</p>        <footer>jam</footer>    </body></html>,HTML Tag
<html>    <body>        <p>jam</p>    </body></html>,HTML Tag
<html>    <body>        <p>This is the body of the page.</p>        <aside>jam</aside>    </body></html>,HTML Tag
<html>    <body>        <ul>            <li>jam</li>        </ul>    </body></html>,HTML Tag
<html>    <body>        <ol>            <li>jam</li>        </ol>    </body></html>,HTML Tag
<html>    <body>        <pre>jam</pre>    </body></html>,HTML Tag
<html>    <body>        <h2>jam</h2>    </body></html>,HTML Tag
<html>    <body>        <p>This is the body of the page.</p>        <aside>jam</aside>    </body></html>,HTML Tag
<html>    <body>        <nav>jam</nav>        <p>This is the body of the page.</p>    </body></html>,HTML Tag
<html>    <body>        <table>            <tr><td>jam</td></tr>        </table>    </body></html>,HTML Tag
<html>    <body>        <table>            <tr><td>jam</td></tr>        </table>    </body></html>,HTML Tag
<html>    <body>        <table>            <tr><td>jam</td></tr>        </table>    </body></html>,HTML Tag
<html>    <body>        <ul>            <li>jam</li>        </ul>    </body></html>,HTML Tag
"<html>    <body>        <a href=""#"">jam</a>    </body></html>",HTML Tag
<html>    <body>        <div>jam</div>    </body></html>,HTML Tag
<html>    <body>        <textarea>jam</textarea>    </body></html>,HTML Tag
<html>    <body>        <span>jam</span>    </body></html>,HTML Tag
<html>    <body>        <code>jam</code>    </body></html>,HTML Tag
<html>    <header>jam</header>    <body>        <p>This is the body of the page.</p>    </body></html>,HTML Tag
<html>    <body>        <h1>jam</h1>    </body></html>,HTML Tag
<html>    <header>jam</header>    <body>        <p>This is the body of the page.</p>    </body></html>,HTML Tag
"<html>    <body>        <img src=""image.jpg"" alt=""jam"">    </body></html>",HTML Tag
<html>    <body>        <table>            <tr><th>jam</th></tr>        </table>    </body></html>,HTML Tag
"<html>    <body>        <label for=""input"">jam</label>        <input type=""text"" id=""input"">    </body></html>",HTML Tag
<html>    <body>        <footer>jam</footer>    </body></html>,HTML Tag
"<html>    <body>        <form action=""/submit"" method=""post"">            <input type=""text"" value=""jam"">            <button type=""submit"">Submit</button>        </form>    </body></html>",HTML Tag
<html>    <body>        <dl>            <dt>Term</dt>            <dd>jam</dd>        </dl>    </body></html>,HTML Tag
<html>    <body>        <button>jam</button>    </body></html>,HTML Tag
"<!DOCTYPE html><html lang=""en""><head>    <meta charset=""UTF-8"">    <meta name=""viewport"" content=""width=device-width, initial-scale=1.0"">    <title>Sample HTML</title></head><body>    <textarea name=""message"" rows=""10"" cols=""30"" xxxjam=""xxx"">        Enter text here...    </textarea></body></html>",Attribute Name
"<!DOCTYPE html><html lang=""en""><head>    <meta charset=""UTF-8"">    <meta name=""viewport"" content=""width=device-width, initial-scale=1.0"">    <title>Sample HTML</title></head><body>    <summary xxxjam=""xxx"">Click to expand</summary>    <p>Details go here...</p></body></html>",Attribute Name
"<!DOCTYPE html><html lang=""en""><head>    <meta charset=""UTF-8"">    <meta name=""viewport"" content=""width=device-width, initial-scale=1.0"">    <title>Sample HTML</title></head><body>    <meter value=""2"" min=""0"" max=""10"" xxxjam=""xxx""></meter></body></html>",Attribute Name
"<!DOCTYPE html><html lang=""en""><head>    <meta charset=""UTF-8"">    <meta name=""viewport"" content=""width=device-width, initial-scale=1.0"">    <title>Sample HTML</title></head><body>    <a xxxjam=""xxx"" href=""#"">Link</a></body></html>",Attribute Name
"<!DOCTYPE html><html lang=""en""><head>    <meta charset=""UTF-8"">    <meta name=""viewport"" content=""width=device-width, initial-scale=1.0"">    <title>Sample HTML</title></head><body>    <template xxxjam=""xxx"">        <p>Template Content</p>    </template></body></html>",Attribute Name
"<!DOCTYPE html><html lang=""en""><head>    <meta charset=""UTF-8"">    <meta name=""viewport"" content=""width=device-width, initial-scale=1.0"">    <title>Sample HTML</title></head><body>    <input xxxjam=""xxx"" type=""text""></body></html>",Attribute Name
"<!DOCTYPE html><html lang=""en""><head>    <meta charset=""UTF-8"">    <meta name=""viewport"" content=""width=device-width, initial-scale=1.0"">    <title>Sample HTML</title></head><body>    <form action=""/action_page.php"" method=""get"" xxxjam=""xxx"">        <label for=""fname"">First name:</label><br>        <input type=""text"" id=""fname"" name=""fname"" value=""John""><br>        <label for=""lname"">Last name:</label><br>        <input type=""text"" id=""lname"" name=""lname"" value=""Doe""><br><br>        <input type=""submit"" value=""Submit"">    </form></body></html>",Attribute Name
"<!DOCTYPE html><html lang=""en""><head>    <meta charset=""UTF-8"">    <meta name=""viewport"" content=""width=device-width, initial-scale=1.0"">    <title>Sample HTML</title></head><body>    <datalist id=""browsers"" xxxjam=""xxx"">        <option value=""Chrome"">        <option value=""Firefox"">        <option value=""Internet Explorer"">        <option value=""Opera"">        <option value=""Safari"">    </datalist></body></html>",Attribute Name
"<!DOCTYPE html><html lang=""en""><head>    <meta charset=""UTF-8"">    <meta name=""viewport"" content=""width=device-width, initial-scale=1.0"">    <title>Sample HTML</title></head><body>    <audio controls xxxjam=""xxx"">        <source src=""audio.mp3"" type=""audio/mpeg"">        Your browser does not support the audio element.    </audio></body></html>",Attribute Name
"<!DOCTYPE html><html lang=""en""><head>    <meta charset=""UTF-8"">    <meta name=""viewport"" content=""width=device-width, initial-scale=1.0"">    <title>Sample HTML</title></head><body>    <progress value=""70"" max=""100"" xxxjam=""xxx""></progress></body></html>",Attribute Name
"<!DOCTYPE html><html lang=""en""><head>    <meta charset=""UTF-8"">    <meta name=""viewport"" content=""width=device-width, initial-scale=1.0"">    <title>Sample HTML</title></head><body>    <details xxxjam=""xxx"">        <summary>Click to view details</summary>        <p>Details go here...</p>    </details></body></html>",Attribute Name
"<!DOCTYPE html><html lang=""en""><head>    <meta charset=""UTF-8"">    <meta name=""viewport"" content=""width=device-width, initial-scale=1.0"">    <title>Sample HTML</title></head><body>    <object data=""image.svg"" type=""image/svg+xml"" xxxjam=""xxx""></object></body></html>",Attribute Name
"<!DOCTYPE html><html lang=""en""><head>    <meta charset=""UTF-8"">    <meta name=""viewport"" content=""width=device-width, initial-scale=1.0"">    <title>Sample HTML</title></head><body>    <form action=""/action_page.php"" xxxjam=""xxx"">        First name:<br>        <input type=""text"" name=""firstname""><br>        Last name:<br>        <input type=""text"" name=""lastname""><br><br>        <input type=""submit"" value=""Submit"">    </form></body></html>",Attribute Name
"<!DOCTYPE html><html lang=""en""><head>    <meta charset=""UTF-8"">    <meta name=""viewport"" content=""width=device-width, initial-scale=1.0"">    <title>Sample HTML</title></head><body>    <output name=""result"" xxxjam=""xxx"">42</output></body></html>",Attribute Name
"<!DOCTYPE html><html lang=""en""><head>    <meta charset=""UTF-8"">    <meta name=""viewport"" content=""width=device-width, initial-scale=1.0"">    <title>Sample HTML</title></head><body>    <fieldset xxxjam=""xxx"">        <legend>Personalia:</legend>        <label for=""fname"">First name:</label><br>        <input type=""text"" id=""fname"" name=""fname""><br>        <label for=""lname"">Last name:</label><br>        <input type=""text"" id=""lname"" name=""lname""><br><br>        <input type=""submit"" value=""Submit"">    </fieldset></body></html>",Attribute Name
"<!DOCTYPE html><html lang=""en""><head>    <meta charset=""UTF-8"">    <meta name=""viewport"" content=""width=device-width, initial-scale=1.0"">    <title>Sample HTML</title></head><body>    <img xxxjam=""xxx"" src=""image.jpg"" alt=""Image""></body></html>",Attribute Name
"<!DOCTYPE html><html lang=""en""><head>    <meta charset=""UTF-8"">    <meta name=""viewport"" content=""width=device-width, initial-scale=1.0"">    <title>Sample HTML</title></head><body>    <button xxxjam=""xxx"">Button</button></body></html>",Attribute Name
"<!DOCTYPE html><html lang=""en""><head>    <meta charset=""UTF-8"">    <meta name=""viewport"" content=""width=device-width, initial-scale=1.0"">    <title>Sample HTML</title></head><body>    <img src=""image.jpg"" xxxjam=""xxx"" alt=""Sample Image""></body></html>",Attribute Name
"<!DOCTYPE html><html lang=""en""><head>    <meta charset=""UTF-8"">    <meta name=""viewport"" content=""width=device-width, initial-scale=1.0"">    <title>Sample HTML</title></head><body>    <select xxxjam=""xxx"">        <option value=""1"">Option 1</option>        <option value=""2"">Option 2</option>        <option value=""3"">Option 3</option>    </select></body></html>",Attribute Name
"<!DOCTYPE html><html lang=""en""><head>    <meta charset=""UTF-8"">    <meta name=""viewport"" content=""width=device-width, initial-scale=1.0"">    <title>Sample HTML</title></head><body>    <button type=""button"" xxxjam=""xxx"">Click Me!</button></body></html>",Attribute Name
"<!DOCTYPE html><html lang=""en""><head>    <meta charset=""UTF-8"">    <meta name=""viewport"" content=""width=device-width, initial-scale=1.0"">    <title>Sample HTML</title></head><body>    <ruby xxxjam=""xxx"">        漢 <rt>han</rt>        字 <rt>ji</rt>    </ruby></body></html>",Attribute Name
"<!DOCTYPE html><html lang=""en""><head>    <meta charset=""UTF-8"">    <meta name=""viewport"" content=""width=device-width, initial-scale=1.0"">    <title>Sample HTML</title></head><body>    <textarea xxxjam=""xxx"" rows=""4"" cols=""50"">        Enter text here...    </textarea></body></html>",Attribute Name
"<!DOCTYPE html><html lang=""en""><head>    <meta charset=""UTF-8"">    <meta name=""viewport"" content=""width=device-width, initial-scale=1.0"">    <title>Sample HTML</title></head><body>    <div contenteditable=""true"" xxxjam=""xxx"">        This text can be edited by the user.    </div></body></html>",Attribute Name
"<!DOCTYPE html><html lang=""en""><head>    <meta charset=""UTF-8"">    <meta name=""viewport"" content=""width=device-width, initial-scale=1.0"">    <title>Sample HTML</title></head><body>    <button type=""button"" xxxjam=""xxx"">Click Me!</button></body></html>",Attribute Name
"<!DOCTYPE html><html lang=""en""><head>    <meta charset=""UTF-8"">    <meta name=""viewport"" content=""width=device-width, initial-scale=1.0"">    <title>Sample HTML</title></head><body>    <iframe src=""https://www.example.com"" xxxjam=""xxx""></iframe></body></html>",Attribute Name
"<!DOCTYPE html><html lang=""en""><head>    <meta charset=""UTF-8"">    <meta name=""viewport"" content=""width=device-width, initial-scale=1.0"">    <title>Sample HTML</title></head><body>    <select name=""cars"" id=""cars"" xxxjam=""xxx"">        <option value=""volvo"">Volvo</option>        <option value=""saab"">Saab</option>        <option value=""mercedes"">Mercedes</option>        <option value=""audi"">Audi</option>    </select></body></html>",Attribute Name
"<!DOCTYPE html><html lang=""en""><head>    <meta charset=""UTF-8"">    <meta name=""viewport"" content=""width=device-width, initial-scale=1.0"">    <title>Sample HTML</title></head><body>    <video width=""320"" height=""240"" controls xxxjam=""xxx"">        <source src=""movie.mp4"" type=""video/mp4"">        Your browser does not support the video tag.    </video></body></html>",Attribute Name
"<!DOCTYPE html><html lang=""en""><head>    <meta charset=""UTF-8"">    <meta name=""viewport"" content=""width=device-width, initial-scale=1.0"">    <title>Sample HTML</title></head><body>    <a href=""https://www.example.com"" xxxjam=""xxx"">Visit Example</a></body></html>",Attribute Name
"<!DOCTYPE html><html lang=""en""><head>    <meta charset=""UTF-8"">    <meta name=""viewport"" content=""width=device-width, initial-scale=1.0"">    <title>Sample HTML</title></head><body>    <time datetime=""2024-04-20T10:30"" xxxjam=""xxx"">10:30 AM</time></body></html>",Attribute Name
"<!DOCTYPE html><html lang=""en""><head>    <meta charset=""UTF-8"">    <meta name=""viewport"" content=""width=device-width, initial-scale=1.0"">    <title>Sample HTML</title></head><body>    <input type=""checkbox"" xxxjam=""xxx"" id=""check1"">    <label for=""check1"">Checkbox 1</label><br>    <input type=""checkbox"" xxxjam=""xxx"" id=""check2"">    <label for=""check2"">Checkbox 2</label><br>    <input type=""checkbox"" xxxjam=""xxx"" id=""check3"">    <label for=""check3"">Checkbox 3</label><br></body></html>",Attribute Name
"<!DOCTYPE html><html lang=""en""><head>    <meta charset=""UTF-8"">    <meta name=""viewport"" content=""width=device-width, initial-scale=1.0"">    <title>Sample HTML 15</title></head><body>    <input type=""text"" data-value=""jam15""></body></html>",Attribute Value
"<!DOCTYPE html><html lang=""en""><head>    <meta charset=""UTF-8"">    <meta name=""viewport"" content=""width=device-width, initial-scale=1.0"">    <title>Sample HTML 29</title></head><body>    <textarea mnopqr=""jam39"">Sample Text Area</textarea></body></html>",Attribute Value
"<!DOCTYPE html><html lang=""en""><head>    <meta charset=""UTF-8"">    <meta name=""viewport"" content=""width=device-width, initial-scale=1.0"">    <title>Sample HTML 18</title></head><body>    <table>        <tr>            <td data-value=""jam20"">Row 1, Cell 1</td>            <td data-value=""jam21"">Row 1, Cell 2</td>        </tr>        <tr>            <td data-value=""jam22"">Row 2, Cell 1</td>            <td data-value=""jam23"">Row 2, Cell 2</td>        </tr>    </table></body></html>",Attribute Value
"<!DOCTYPE html><html lang=""en""><head>    <meta charset=""UTF-8"">    <meta name=""viewport"" content=""width=device-width, initial-scale=1.0"">    <title>Sample HTML 1</title></head><body>    <div id=""container"" data-name=""jam1"">        <h1>Hello, world!</h1>        <p>This is a sample HTML response with an attribute value injected.</p>    </div></body></html>",Attribute Value
"<!DOCTYPE html><html lang=""en""><head>    <meta charset=""UTF-8"">    <meta name=""viewport"" content=""width=device-width, initial-scale=1.0"">    <title>Sample HTML 30</title></head><body>    <label for=""fname"" vwxyzt=""Alls45jam"">First name:</label>    <input type=""text"" id=""fname"" name=""fname"" value=""John""><br>    <label for=""lname"" vwxyzt=""jam"">Last name:</label>    <input type=""text"" id=""lname"" name=""lname"" value=""Doe""><br><br>    <input type=""submit"" value=""Submit""></body></html>",Attribute Value
"<!DOCTYPE html><html lang=""en""><head>    <meta charset=""UTF-8"">    <meta name=""viewport"" content=""width=device-width, initial-scale=1.0"">    <title>Sample HTML 3</title></head><body>    <div id=""container"" daue=""890jam"">        <h1>Hello, world!</h1>        <p>This is a sample HTML response with an attribute value injected.</p>    </div></body></html>",Attribute Value
"<!DOCTYPE html><html lang=""en""><head>    <meta charset=""UTF-8"">    <meta name=""viewport"" content=""width=device-width, initial-scale=1.0"">    <title>Sample HTML 24</title></head><body>    <img src=""image.jpg"" alt=""Sample Image"" wxyz=""jam29""></body></html>",Attribute Value
"<!DOCTYPE html><html lang=""en""><head>    <meta charset=""UTF-8"">    <meta name=""viewport"" content=""width=device-width, initial-scale=1.0"">    <title>Sample HTML 22</title></head><body>    <a href=""#"" ghijkl=""jam27"">Sample Link</a></body></html>",Attribute Value
"<!DOCTYPE html><html lang=""en""><head>    <meta charset=""UTF-8"">    <meta name=""viewport"" content=""width=device-width, initial-scale=1.0"">    <title>Sample HTML 12</title></head><body>    <a href=""#"" data-key=""jam12"">Sample Link</a></body></html>",Attribute Value
"<!DOCTYPE html><html lang=""en""><head>    <meta charset=""UTF-8"">    <meta name=""viewport"" content=""width=device-width, initial-scale=1.0"">    <title>Sample HTML 19</title></head><body>    <div class=""container"" data-test=""jam24"">        <h1>Sample Header</h1>        <p>This is a sample paragraph.</p>    </div></body></html>",Attribute Value
"<!DOCTYPE html><html lang=""en""><head>    <meta charset=""UTF-8"">    <meta name=""viewport"" content=""width=device-width, initial-scale=1.0"">    <title>Sample HTML 17</title></head><body>    <select data-code=""jam19"">        <option value=""volvo"">Volvo</option>        <option value=""saab"">Saab</option>        <option value=""mercedes"">Mercedes</option>        <option value=""audi"">Audi</option>    </select></body></html>",Attribute Value
"<!DOCTYPE html><html lang=""en""><head>    <meta charset=""UTF-8"">    <meta name=""viewport"" content=""width=device-width, initial-scale=1.0"">    <title>Sample HTML 26</title></head><body>    <ul>        <li tuvwxy=""jam31"">Item 1</li>        <li tuvwxy=""jam32"">Item 2</li>        <li tuvwxy=""jam33"">Item 3</li>    </ul></body></html>",Attribute Value
"<!DOCTYPE html><html lang=""en""><head>    <meta charset=""UTF-8"">    <meta name=""viewport"" content=""width=device-width, initial-scale=1.0"">    <title>Sample HTML 9</title></head><body>    <div id=""container"" data-number=""jam9"">        <h1>Hello, world!</h1>        <p>This is a sample HTML response with an attribute value injected.</p>    </div></body></html>",Attribute Value
"<!DOCTYPE html><html lang=""en""><head>    <meta charset=""UTF-8"">    <meta name=""viewport"" content=""width=device-width, initial-scale=1.0"">    <title>Sample HTML 27</title></head><body>    <select zyxwvu=""jam34"">        <option value=""volvo"">Volvo</option>        <option value=""saab"">Saab</option>        <option value=""mercedes"">Mercedes</option>        <option value=""audi"">Audi</option>    </select></body></html>",Attribute Value
"<!DOCTYPE html><html lang=""en""><head>    <meta charset=""UTF-8"">    <meta name=""viewport"" content=""width=device-width, initial-scale=1.0"">    <title>Sample HTML 23</title></head><body>    <button qrstuv=""jam28"">Click me</button></body></html>",Attribute Value
"<!DOCTYPE html><html lang=""en""><head>    <meta charset=""UTF-8"">    <meta name=""viewport"" content=""width=device-width, initial-scale=1.0"">    <title>Sample HTML 6</title></head><body>    <div id=""container"" data-code=""jam6"">        <h1>Hello, world!</h1>        <p>This is a sample HTML response with an attribute value injected.</p>    </div></body></html>",Attribute Value
"<!DOCTYPE html><html lang=""en""><head>    <meta charset=""UTF-8"">    <meta name=""viewport"" content=""width=device-width, initial-scale=1.0"">    <title>Sample HTML 2</title></head><body>    <div id=""container"" data-id=""jam2"">        <h1>Hello, world!</h1>        <p>This is a sample HTML response with an attribute value injected.</p>    </div></body></html>",Attribute Value
"<!DOCTYPE html><html lang=""en""><head>    <meta charset=""UTF-8"">    <meta name=""viewport"" content=""width=device-width, initial-scale=1.0"">    <title>Sample HTML 11</title></head><body>    <span class=""test"" data-value=""jam11"">Sample Text</span></body></html>",Attribute Value
"<!DOCTYPE html><html lang=""en""><head>    <meta charset=""UTF-8"">    <meta name=""viewport"" content=""width=device-width, initial-scale=1.0"">    <title>Sample HTML 4</title></head><body>    <div id=""container"" data-key=""jam4"">        <h1>Hello, world!</h1>        <p>This is a sample HTML response with an attribute value injected.</p>    </div></body></html>",Attribute Value
"<!DOCTYPE html><html lang=""en""><head>    <meta charset=""UTF-8"">    <meta name=""viewport"" content=""width=device-width, initial-scale=1.0"">    <title>Sample HTML 21</title></head><body>    <span class=""test"" abcdef=""jam26"">Sample Text</span></body></html>",Attribute Value
"<!DOCTYPE html><html lang=""en""><head>    <meta charset=""UTF-8"">    <meta name=""viewport"" content=""width=device-width, initial-scale=1.0"">    <title>Sample HTML 28</title></head><body>    <table>        <tr>            <td qrstuv=""jam35"">Row 1, Cell 1</td>            <td qrstuv=""jam36"">Row 1, Cell 2</td>        </tr>        <tr>            <td qrstuv=""jam37"">Row 2, Cell 1</td>            <td qrstuv=""jam38"">Row 2, Cell 2</td>        </tr>    </table></body></html>",Attribute Value
"<!DOCTYPE html><html lang=""en""><head>    <meta charset=""UTF-8"">    <meta name=""viewport"" content=""width=device-width, initial-scale=1.0"">    <title>ASK me something hsgy76</title></head><body>    <div id=""container"" data-value=""fgjjkjam5"">        <h1>Hello, world!</h1>        <p>This is a sample HTML response with an attribute value injected.</p>    </div></body></html>",Attribute Value
"<!DOCTYPE html><html lang=""en""><head>    <meta charset=""UTF-8"">    <meta name=""viewport"" content=""width=device-width, initial-scale=1.0"">    <title>Sample HTML 16</title></head><body>    <ul>        <li data-key=""jam16"">Item 1</li>        <li data-key=""jam17"">Item 2</li>        <li data-key=""jam18"">Item 3</li>    </ul></body></html>",Attribute Value
"<!DOCTYPE html><html lang=""en""><head>    <meta charset=""UTF-8"">    <meta name=""viewport"" content=""width=device-width, initial-scale=1.0"">    <title>Sample HTML 8</title></head><body>    <div id=""container"" data-id=""jam8"">        <h1>Hello, world!</h1>        <p>This is a sample HTML response with an attribute value injected.</p>    </div></body></html>",Attribute Value
"<!DOCTYPE html><html lang=""en""><head>    <meta charset=""UTF-8"">    <meta name=""viewport"" content=""width=device-width, initial-scale=1.0"">    <title>Sample HTML 25</title></head><body>    <input type=""text"" nopqrs=""jam30""></body></html>",Attribute Value
"<!DOCTYPE html><html lang=""en""><head>    <meta charset=""UTF-8"">    <meta name=""viewport"" content=""width=device-width, initial-scale=1.0"">    <title>Sample HTML 14</title></head><body>    <img src=""image.jpg"" alt=""Sample Image"" data-test=""jam14""></body></html>",Attribute Value
"<!DOCTYPE html><html lang=""en""><head>    <meta charset=""UTF-8"">    <meta name=""viewport"" content=""width=device-width, initial-scale=1.0"">    <title>Sample HTML 13</title></head><body>    <button data-code=""jam13"">Click me</button></body></html>",Attribute Value
"<!DOCTYPE html><html lang=""en""><head>    <meta charset=""UTF-8"">    <meta name=""viewport"" content=""width=device-width, initial-scale=1.0"">    <title>Sample HTML 10</title></head><body>    <div id=""container"" data-test=""jam10"">        <h1>Hello, world!</h1>        <p>This is a sample HTML response with an attribute value injected.</p>    </div></body></html>",Attribute Value
"<!DOCTYPE html><html lang=""en""><head>    <meta charset=""UTF-8"">    <meta name=""viewport"" content=""width=device-width, initial-scale=1.0"">    <title>Sample HTML 20</title></head><body>    <form action=""/submit"" method=""post"" data-key=""jam25"">        <label for=""username"">Username:</label>        <input type=""text"" id=""username"" name=""username""><br><br>        <label for=""password"">Password:</label>        <input type=""password"" id=""password"" name=""password""><br><br>        <input type=""submit"" value=""Submit"">    </form></body></html>",Attribute Value
"<!DOCTYPE html><html lang=""en""><head>    <meta charset=""UTF-8"">    <meta name=""viewport"" content=""width=device-width, initial-scale=1.0"">    <title>Sample HTML 7</title></head><body>    <div id=""container"" data-value=""jam7"">        <h1>Hello, world!</h1>        <p>This is a sample HTML response with an attribute value injected.</p>    </div></body></html>",Attribute Value
"<!DOCTYPE html><html lang=""en""><head>    <meta charset=""UTF-8"">    <meta name=""viewport"" content=""width=device-width, initial-scale=1.0"">    <title>Contact Us</title></head><body>    <!-- User feedback: jam -->    <div class=""contact-form"">        <h3>Contact Us</h3>        <form action=""/submit"" method=""post"">            <label for=""name"">Name:</label>            <input type=""text"" id=""name"" name=""name"">            <label for=""email"">Email:</label>            <input type=""email"" id=""email"" name=""email"">            <button type=""submit"">Submit</button>        </form>    </div></body></html>",Comment
"<!DOCTYPE html><html lang=""en""><head>    <meta charset=""UTF-8"">    <meta name=""viewport"" content=""width=device-width, initial-scale=1.0"">    <title>Documentation</title></head><body>    <!-- Documentation section: jam -->    <h1>API Documentation</h1>    <p>Welcome to the API documentation. Here you will find all the information you need to integrate with our API.</p>    <pre><code>    GET /api/v1/resource    {        ""parameter"": ""value""    }    </code></pre></body></html>",Comment
"<!DOCTYPE html><html lang=""en""><head>    <meta charset=""UTF-8"">    <meta name=""viewport"" content=""width=device-width, initial-scale=1.0"">    <title>Testimonials</title></head><body>    <!-- Testimonial entry: jam -->    <section class=""testimonials"">        <h2>What Our Clients Say</h2>        <blockquote>            <p>""This service is amazing!""</p>            <footer>- Happy Customer</footer>        </blockquote>        <blockquote>            <p>""Highly recommend!""</p>            <footer>- Satisfied Client</footer>        </blockquote>    </section></body></html>",Comment
"<!DOCTYPE html><html lang=""en""><head>    <meta charset=""UTF-8"">    <meta name=""viewport"" content=""width=device-width, initial-scale=1.0"">    <title>Team</title></head><body>    <!-- Team member bio: jam -->    <h1>Meet the Team</h1>    <div class=""team-member"">        <h2>Jane Doe</h2>        <p>Jane is a software engineer with over 10 years of experience.</p>    </div>    <div class=""team-member"">        <h2>John Smith</h2>        <p>John is a project manager who specializes in agile methodologies.</p>    </div></body></html>",Comment
"<!DOCTYPE html><html lang=""en""><head>    <meta charset=""UTF-8"">    <meta name=""viewport"" content=""width=device-width, initial-scale=1.0"">    <title>News</title></head><body>    <!-- News article: jam -->    <article>        <header>            <h1>Latest News</h1>            <p>By John Smith | May 19, 2024</p>        </header>        <section>            <p>Today we are excited to announce...</p>        </section>    </article></body></html>",Comment
"<!DOCTYPE html><html lang=""en""><head>    <meta charset=""UTF-8"">    <meta name=""viewport"" content=""width=device-width, initial-scale=1.0"">    <title>Services</title></head><body>    <!-- Service description: jam -->    <h1>Our Services</h1>    <p>We provide a range of services to cater to your needs.</p>    <ul>        <li>Consulting</li>        <li>Development</li>        <li>Support</li>    </ul></body></html>",Comment
"<!DOCTYPE html><html lang=""en""><head>    <meta charset=""UTF-8"">    <meta name=""viewport"" content=""width=device-width, initial-scale=1.0"">    <title>About Us</title></head><body>    <!-- Page description jam -->    <header>        <h2>About Our Company</h2>    </header>    <section>        <p>Our company was founded with the vision of providing exceptional services.</p>    </section></body></html>",Comment
"<!DOCTYPE html><html lang=""en""><head>    <meta charset=""UTF-8"">    <meta name=""viewport"" content=""width=device-width, initial-scale=1.0"">    <title>Events</title></head><body>    <!-- Event announcement: jam -->    <h1>Upcoming Events</h1>    <ul>        <li>Event 1: June 1, 2024</li>        <li>Event 2: July 15, 2024</li>        <li>Event 3: August 30, 2024</li>    </ul></body></html>",Comment
"<!DOCTYPE html><html lang=""en""><head>    <meta charset=""UTF-8"">    <meta name=""viewport"" content=""width=device-width, initial-scale=1.0"">    <title>Portfolio Example</title></head><body>    <!-- Portfolio item: jam -->    <header>        <h1>My Portfolio</h1>    </header>    <section>        <h2>Project Alpha</h2>        <p>A project focused on AI development.</p>    </section></body></html>",Comment
"<!DOCTYPE html><html lang=""en""><head>    <meta charset=""UTF-8"">    <meta name=""viewport"" content=""width=device-width, initial-scale=1.0"">    <title>Gallery</title></head><body>    <!-- Gallery description jam -->    <h1>Photo Gallery</h1>    <div class=""gallery"">        <img src=""image1.jpg"" alt=""Image 1"">        <img src=""image2.jpg"" alt=""Image 2"">        <img src=""image3.jpg"" alt=""Image 3"">    </div></body></html>",Comment
"<!DOCTYPE html><html lang=""en""><head>    <meta charset=""UTF-8"">    <meta name=""viewport"" content=""width=device-width, initial-scale=1.0"">    <title>Contact Page</title></head><body>    <!-- Form feedback: jam -->    <header>        <h1>Contact Us</h1>    </header>    <form action=""/send"" method=""post"">        <label for=""message"">Message:</label>        <textarea id=""message"" name=""message""></textarea>        <button type=""submit"">Send</button>    </form></body></html>",Comment
"<!DOCTYPE html><html lang=""en""><head>    <meta charset=""UTF-8"">    <meta name=""viewport"" content=""width=device-width, initial-scale=1.0"">    <title>Contact Page</title></head><body>    <!-- Form feedback: jam -->    <header>        <h1>Contact Us</h1>    </header>    <form action=""/send"" method=""post"">        <label for=""message"">Message:</label>        <textarea id=""message"" name=""message""></textarea>        <button type=""submit"">Send</button>    </form></body></html>",Comment
"<!DOCTYPE html><html lang=""en""><head>    <meta charset=""UTF-8"">    <meta name=""viewport"" content=""width=device-width, initial-scale=1.0"">    <title>Services Page</title></head><body>    <!-- Service overview: jam -->    <header>        <h1>Our Services</h1>    </header>    <section>        <p>We offer a variety of services to meet your needs.</p>        <ul>            <li>Consulting</li>            <li>Development</li>            <li>Support</li>        </ul>    </section></body></html>",Comment
"<!DOCTYPE html><html lang=""en""><head>    <meta charset=""UTF-8"">    <meta name=""viewport"" content=""width=device-width, initial-scale=1.0"">    <title>Example 1</title></head><body>    <!-- This is a test jam -->    <div>Content of the page</div></body></html>",Comment
"<!DOCTYPE html><html lang=""en""><head>    <meta charset=""UTF-8"">    <meta name=""viewport"" content=""width=device-width, initial-scale=1.0"">    <title>Example 2</title></head><body>    <!-- User input: jam -->    <div>Content of the page</div></body></html>",Comment
"<!DOCTYPE html><html lang=""en""><head>    <meta charset=""UTF-8"">    <meta name=""viewport"" content=""width=device-width, initial-scale=1.0"">    <title>Portfolio</title></head><body>    <!-- Portfolio section: jam -->    <header>        <h1>My Portfolio</h1>    </header>    <section>        <h2>Projects</h2>        <ul>            <li>Project 1</li>            <li>Project 2</li>            <li>Project 3</li>        </ul>    </section></body></html>",Comment
"<!DOCTYPE html><html lang=""en""><head>    <meta charset=""UTF-8"">    <meta name=""viewport"" content=""width=device-width, initial-scale=1.0"">    <title>Blog</title></head><body>    <!-- Blog post: jam -->    <article>        <header>            <h1>Understanding Web Security</h1>            <p>By Jane Doe | January 1, 2024</p>        </header>        <section>            <p>Web security is crucial in today's digital world...</p>        </section>    </article></body></html>",Comment
"<!DOCTYPE html><html lang=""en""><head>    <meta charset=""UTF-8"">    <meta name=""viewport"" content=""width=device-width, initial-scale=1.0"">    <title>News Article</title></head><body>    <!-- Article highlight: jam -->    <article>        <h1>Breaking News</h1>        <p>In today's news, we cover the latest developments...</p>    </article></body></html>",Comment
"<!DOCTYPE html><html lang=""en""><head>    <meta charset=""UTF-8"">    <meta name=""viewport"" content=""width=device-width, initial-scale=1.0"">    <title>Recipe</title></head><body>    <!-- Recipe detail: jam -->    <header>        <h1>Delicious Pancakes</h1>    </header>    <section>        <h2>Ingredients</h2>        <ul>            <li>Flour</li>            <li>Eggs</li>            <li>Milk</li>        </ul>        <h2>Instructions</h2>        <p>Mix all ingredients together...</p>    </section></body></html>",Comment
"<!DOCTYPE html><html lang=""en""><head>    <meta charset=""UTF-8"">    <meta name=""viewport"" content=""width=device-width, initial-scale=1.0"">    <title>Our Team</title></head><body>    <!-- Team intro: jam -->    <section>        <h2>Our Team</h2>        <p>We have a diverse team of experts from various fields.</p>    </section>    <section>        <h3>John Doe</h3>        <p>John is a software engineer with a passion for open source.</p>    </section></body></html>",Comment
"<!DOCTYPE html><html lang=""en""><head>    <meta charset=""UTF-8"">    <meta name=""viewport"" content=""width=device-width, initial-scale=1.0"">    <title>FAQ</title></head><body>    <!-- FAQ entry: jam -->    <h1>Frequently Asked Questions</h1>    <dl>        <dt>What is X?</dt>        <dd>X is ...</dd>        <dt>How do I do Y?</dt>        <dd>You can do Y by ...</dd>    </dl></body></html>",Comment
"<!DOCTYPE html><html lang=""en""><head>    <meta charset=""UTF-8"">    <meta name=""viewport"" content=""width=device-width, initial-scale=1.0"">    <title>Example 3</title></head><body>    <!-- Note: jam -->    <div>Content of the page</div></body></html>",Comment
"<!DOCTYPE html><html lang=""en""><head>    <meta charset=""UTF-8"">    <meta name=""viewport"" content=""width=device-width, initial-scale=1.0"">    <title>Blog Post</title></head><body>    <!-- Blog comment: jam -->    <article>        <header>            <h1>Understanding Cybersecurity</h1>            <p>By Alice Johnson | May 20, 2024</p>        </header>        <section>            <p>Cybersecurity is essential in protecting data...</p>        </section>    </article></body></html>",Comment
"<!DOCTYPE html><html lang=""en""><head>    <meta charset=""UTF-8"">    <meta name=""viewport"" content=""width=device-width, initial-scale=1.0"">    <title>Example 5</title></head><body>    <!-- Placeholder jam -->    <div>Content of the page</div></body></html>",Comment
"<!DOCTYPE html><html lang=""en""><head>    <meta charset=""UTF-8"">    <meta name=""viewport"" content=""width=device-width, initial-scale=1.0"">    <title>FAQ Section</title></head><body>    <!-- FAQ topic: jam -->    <header>        <h1>FAQ</h1>    </header>    <section>        <h2>General Questions</h2>        <dl>            <dt>What is our mission?</dt>            <dd>To provide the best service...</dd>        </dl>    </section></body></html>",Comment
"<!DOCTYPE html><html lang=""en""><head>    <meta charset=""UTF-8"">    <meta name=""viewport"" content=""width=device-width, initial-scale=1.0"">    <title>Case Studies</title></head><body>    <!-- Case study detail: jam -->    <header>        <h1>Case Studies</h1>    </header>    <section>        <h2>Case Study 1</h2>        <p>This case study explores the impact of technology...</p>    </section></body></html>",Comment
"<!DOCTYPE html><html lang=""en""><head>    <meta charset=""UTF-8"">    <meta name=""viewport"" content=""width=device-width, initial-scale=1.0"">    <title>Services</title></head><body>    <!-- Service description jam -->    <nav>        <ul>            <li><a href=""/home"">Home</a></li>            <li><a href=""/about"">About</a></li>            <li><a href=""/services"">Services</a></li>        </ul>    </nav>    <main>        <h2>Our Services</h2>        <p>We offer a variety of services to meet your needs.</p>    </main></body></html>",Comment
"<!DOCTYPE html><html lang=""en""><head>    <meta charset=""UTF-8"">    <meta name=""viewport"" content=""width=device-width, initial-scale=1.0"">    <title>Products</title></head><body>    <!-- Product listing: jam -->    <h1>Our Products</h1>    <div class=""product-list"">        <div class=""product"">            <h2>Product 1</h2>            <p>Description of product 1.</p>        </div>        <div class=""product"">            <h2>Product 2</h2>            <p>Description of product 2.</p>        </div>    </div></body></html>",Comment
"<!DOCTYPE html><html lang=""en""><head>    <meta charset=""UTF-8"">    <meta name=""viewport"" content=""width=device-width, initial-scale=1.0"">    <title>Tutorial</title></head><body>    <!-- Tutorial note: jam -->    <header>        <h1>Web Development Tutorial</h1>    </header>    <section>        <h2>Lesson 1: HTML Basics</h2>        <p>In this lesson, we cover the basics of HTML...</p>    </section></body></html>",Comment
"<!DOCTYPE html><html lang=""en""><head>    <meta charset=""UTF-8"">    <meta name=""viewport"" content=""width=device-width, initial-scale=1.0"">    <title>Example 4</title></head><body>    <!-- Comment: jam -->    <div>Content of the page</div></body></html>",Comment
"<!DOCTYPE html><html lang=""en""><head>    <meta charset=""UTF-8"">    <meta name=""viewport"" content=""width=device-width, initial-scale=1.0"">    <title>Example 3</title>    <style>        /* Special styles for jam */        .alert {            border: 1px solid red;            padding: 10px;            color: red;        }    </style></head><body>    <div class=""alert"">Error: jam</div>    <p>An error occurred while processing your request.</p></body></html>",Comment
"<!DOCTYPE html><html lang=""en""><head>    <meta charset=""UTF-8"">    <meta name=""viewport"" content=""width=device-width, initial-scale=1.0"">    <title>Example 19</title>    <style>        /* Customization for the element with the attribute jam */        [jam] {            border: 1px solid #ff6347;            padding: 8px;            color: #ff6347;        }    </style></head><body>    <p jam>Styled Text: jam</p>    <p>This paragraph has custom styling applied.</p></body></html>",Comment
"<!DOCTYPE html><html lang=""en""><head>    <meta charset=""UTF-8"">    <meta name=""viewport"" content=""width=device-width, initial-scale=1.0"">    <title>Example 13</title>    <style>        /* Special formatting for jam */        .format-jam {            font-style: italic;            color: purple;        }    </style></head><body>    <p class=""format-jam"">Formatted Text: jam</p>    <p>This text is formatted differently.</p></body></html>",Comment
"<!DOCTYPE html><html lang=""en""><head>    <meta charset=""UTF-8"">    <meta name=""viewport"" content=""width=device-width, initial-scale=1.0"">    <title>Example 18</title>    <style>        /* Styling for the jam class */        .jam-class {            font-weight: bold;            color: #990099;        }    </style></head><body>    <p class=""jam-class"">Bold Text: jam</p>    <p>This paragraph has custom styling applied.</p></body></html>``",Comment
"<!DOCTYPE html><html lang=""en""><head>    <meta charset=""UTF-8"">    <meta name=""viewport"" content=""width=device-width, initial-scale=1.0"">    <title>Example 14</title>    <style>        /* Style applied based on jam */        .style-for-jam {            border: 1px solid green;            padding: 5px;            color: green;        }    </style></head><body>    <div class=""style-for-jam"">Styled Div: jam</div>    <p>This div has a custom style applied.</p></body></html>",Comment
"<!DOCTYPE html><html lang=""en""><head>    <meta charset=""UTF-8"">    <meta name=""viewport"" content=""width=device-width, initial-scale=1.0"">    <title>Example 17</title>    <style>        /* Styles for the jam value */        .value-jam {            background-color: #99ccff;            color: #003399;        }    </style></head><body>    <p class=""value-jam"">Styled Text: jam</p>    <p>This paragraph has custom styling applied.</p></body></html>",Comment
"<!DOCTYPE html><html lang=""en""><head>    <meta charset=""UTF-8"">    <meta name=""viewport"" content=""width=device-width, initial-scale=1.0"">    <title>Example 2</title>    <style>        /* Styles for jam */        .highlight {            background-color: yellow;            color: black;        }    </style></head><body>    <h1>Important Notice</h1>    <p class=""highlight"">Please pay attention to this message.</p></body></html>",Comment
"<!DOCTYPE html><html lang=""en""><head>    <meta charset=""UTF-8"">    <meta name=""viewport"" content=""width=device-width, initial-scale=1.0"">    <title>Example 15</title>    <style>        /* Styles for the jam element */        .jam-element {            background-color: #ff9999;            color: #660000;        }    </style></head><body>    <h2 class=""jam-element"">Highlighted Title: jam</h2>    <p>This text stands out!</p></body></html>",Comment
"<!DOCTYPE html><html lang=""en""><head>    <meta charset=""UTF-8"">    <meta name=""viewport"" content=""width=device-width, initial-scale=1.0"">    <title>Example 25</title>    <style>        /* Custom styles for the element jam */        #jam {            font-size: 24px;            color: #4b0082;        }    </style></head><body>    <p id=""jam"">Large Text: jam</p>    <p>This paragraph has custom styling applied.</p></body></html>",Comment
"<!DOCTYPE html><html lang=""en""><head>    <meta charset=""UTF-8"">    <meta name=""viewport"" content=""width=device-width, initial-scale=1.0"">    <title>Example 12</title>    <style>        /* Theme for jam */        .theme-jam {            background-color: #ffcc00;            color: #333333;        }    </style></head><body>    <h2 class=""theme-jam"">Themed Text: jam</h2>    <p>This text is part of the themed section.</p></body></html>",Comment
"<!DOCTYPE html><html lang=""en""><head>    <meta charset=""UTF-8"">    <meta name=""viewport"" content=""width=device-width, initial-scale=1.0"">    <title>Example 21</title>    <style>        /* Styles for elements with the class jam */        .jam {            font-style: italic;            color: #9370db;        }    </style></head><body>    <p class=""jam"">Italicized Text: jam</p>    <p>This paragraph has custom styling applied.</p></body></html>",Comment
"<!DOCTYPE html><html lang=""en""><head>    <meta charset=""UTF-8"">    <meta name=""viewport"" content=""width=device-width, initial-scale=1.0"">    <title>Example 20</title>    <style>        /* Jam-themed styles */        .theme-jam {            background-color: #ffe4b5;            color: #8b4513;        }    </style></head><body>    <h2 class=""theme-jam"">Themed Header: jam</h2>    <p>This header has a themed background.</p></body></html>",Comment
"<!DOCTYPE html><html lang=""en""><head>    <meta charset=""UTF-8"">    <meta name=""viewport"" content=""width=device-width, initial-scale=1.0"">    <title>Example 24</title>    <style>        /* Styling based on the class name jam */        .style-jam {            background-color: #ffffe0;            color: #556b2f;        }    </style></head><body>    <h2 class=""style-jam"">Styled Header: jam</h2>    <p>This header has custom styling applied.</p></body></html>",Comment
"<!DOCTYPE html><html lang=""en""><head>    <meta charset=""UTF-8"">    <meta name=""viewport"" content=""width=device-width, initial-scale=1.0"">    <title>Example 1</title>    <style>        /* Custom styles for jam */        body {            background-color: #f0f0f0;            color: #333;        }    </style></head><body>    <h1>Welcome</h1>    <p>This is a sample page.</p></body></html>",Comment
"<!DOCTYPE html><html lang=""en""><head>    <meta charset=""UTF-8"">    <meta name=""viewport"" content=""width=device-width, initial-scale=1.0"">    <title>Example 6</title>    <style>        /* Special emphasis on jam */        .emphasis {            font-weight: bold;            color: green;        }    </style></head><body>    <p>Important Note: <span class=""emphasis"">jam</span></p>    <p>Please take note of this information.</p></body></html>",Comment
"<!DOCTYPE html><html lang=""en""><head>    <meta charset=""UTF-8"">    <meta name=""viewport"" content=""width=device-width, initial-scale=1.0"">    <title>Example 10</title>    <style>        /* Styling for jam */        .highlight {            background-color: #ffcc00;            color: #333333;        }    </style></head><body>    <h2 class=""highlight"">Important Notice: jam</h2>    <p>This is an important message.</p></body></html>",Comment
"<!DOCTYPE html><html lang=""en""><head>    <meta charset=""UTF-8"">    <meta name=""viewport"" content=""width=device-width, initial-scale=1.0"">    <title>Example 5</title>    <style>        /* Customization for jam */        .banner {            background-image: url('banner.jpg');            color: white;            text-align: center;            padding: 20px;        }    </style></head><body>    <div class=""banner"">Welcome to Our Website - jam</div>    <p>We hope you enjoy your stay!</p></body></html>",Comment
"<!DOCTYPE html><html lang=""en""><head>    <meta charset=""UTF-8"">    <meta name=""viewport"" content=""width=device-width, initial-scale=1.0"">    <title>Example 23</title>    <style>        /* Specific styling for the class jam */        .jam-style {            font-weight: bold;            color: #800000;        }    </style></head><body>    <p class=""jam-style"">Bold Text: jam</p>    <p>This paragraph has custom styling applied.</p></body></html>",Comment
"<!DOCTYPE html><html lang=""en""><head>    <meta charset=""UTF-8"">    <meta name=""viewport"" content=""width=device-width, initial-scale=1.0"">    <title>Example 30</title>    <style>        /* Styles for elements with the class name containing jam */        [class*=""jam""] {            font-style: italic;            color: #1e90ff;        }    </style></head><body>    <p class=""styled-jam"">Italicized Text: jam</p>    <p>This paragraph has custom styling applied.</p></body></html>",Comment
"<!DOCTYPE html><html lang=""en""><head>    <meta charset=""UTF-8"">    <meta name=""viewport"" content=""width=device-width, initial-scale=1.0"">    <title>Example 22</title>    <style>        /* Styling for the element with the attribute value jam */        [value=""jam""] {            font-weight: bold;            color: #006400;        }    </style></head><body>    <p value=""jam"">Bold Value: jam</p>    <p>This paragraph has custom styling applied.</p></body></html>",Comment
"<!DOCTYPE html><html lang=""en""><head>    <meta charset=""UTF-8"">    <meta name=""viewport"" content=""width=device-width, initial-scale=1.0"">    <title>Example 11</title>    <style>        /* Styles for jam */        .custom-jam {            color: blue;            font-size: 20px;        }    </style></head><body>    <h1 class=""custom-jam"">Custom Style: jam</h1>    <p>This text is styled differently.</p></body></html>",Comment
"<!DOCTYPE html><html lang=""en""><head>    <meta charset=""UTF-8"">    <meta name=""viewport"" content=""width=device-width, initial-scale=1.0"">    <title>Example 7</title>    <style>        /* Styling for jam */        .highlight {            background-color: #ffff00;            color: #000000;        }    </style></head><body>    <h2 class=""highlight"">Highlighted Title: jam</h2>    <p>This text stands out!</p></body></html>",Comment
"<!DOCTYPE html><html lang=""en""><head>    <meta charset=""UTF-8"">    <meta name=""viewport"" content=""width=device-width, initial-scale=1.0"">    <title>Example 26</title>    <style>        /* Styling for elements with the attribute data-jam */        [data-jam] {            border: 2px dashed #20b2aa;            padding: 8px;            color: #20b2aa;        }    </style></head><body>    <p data-jam=""true"">Styled Text: jam</p>    <p>This paragraph has custom styling applied.</p></body></html>",Comment
"<!DOCTYPE html><html lang=""en""><head>    <meta charset=""UTF-8"">    <meta name=""viewport"" content=""width=device-width, initial-scale=1.0"">    <title>Example 9</title>    <style>        /* Custom styles for jam */        .custom {            font-family: 'Courier New', Courier, monospace;            font-size: 18px;            color: #007bff;        }    </style></head><body>    <p class=""custom"">Custom Text: jam</p>    <p>This text has a custom style.</p></body></html>",Comment
"<!DOCTYPE html><html lang=""en""><head>    <meta charset=""UTF-8"">    <meta name=""viewport"" content=""width=device-width, initial-scale=1.0"">    <title>Example 27</title>    <style>        /* Styling for elements with the class named jam */        .named-jam {            font-style: italic;            color: #9932cc;        }    </style></head><body>    <p class=""named-jam"">Italicized Text: jam</p>    <p>This paragraph has custom styling applied.</p></body></html>",Comment
"<!DOCTYPE html><html lang=""en""><head>    <meta charset=""UTF-8"">    <meta name=""viewport"" content=""width=device-width, initial-scale=1.0"">    <title>Example 28</title>    <style>        /* Specialized styles for the jam element */        .element-jam {            font-weight: bold;            color: #483d8b;        }    </style></head><body>    <p class=""element-jam"">Bold Text: jam</p>    <p>This paragraph has custom styling applied.</p></body></html>",Comment
"<!DOCTYPE html><html lang=""en""><head>    <meta charset=""UTF-8"">    <meta name=""viewport"" content=""width=device-width, initial-scale=1.0"">    <title>Example 4</title>    <style>        /* Dynamic styles for jam */        .highlight {            background-color: pink;            color: purple;        }    </style></head><body>    <h2 class=""highlight"">Highlighted Text: jam</h2>    <p>This text stands out!</p></body></html>",Comment
"<!DOCTYPE html><html lang=""en""><head>    <meta charset=""UTF-8"">    <meta name=""viewport"" content=""width=device-width, initial-scale=1.0"">    <title>Example 16</title>    <style>        /* Styling with jam attribute */        [jam] {            font-weight: bold;            color: #ff6600;        }    </style></head><body>    <p jam>This paragraph has custom styling applied.</p>    <p>This text has no special styling.</p></body></html>",Comment
"<!DOCTYPE html><html lang=""en""><head>    <meta charset=""UTF-8"">    <meta name=""viewport"" content=""width=device-width, initial-scale=1.0"">    <title>Example 29</title>    <style>        /* Dynamic styles based on the jam attribute */        [jam=""true""] {            font-weight: bold;            color: #ff1493;        }    </style></head><body>    <p jam=""true"">Bold Text: jam</p>    <p>This paragraph has custom styling applied.</p></body></html>",Comment
"<!DOCTYPE html><html lang=""en""><head>    <meta charset=""UTF-8"">    <meta name=""viewport"" content=""width=device-width, initial-scale=1.0"">    <title>Example 8</title>    <style>        /* Alert for jam */        .alert {            border: 2px solid red;            background-color: #ffe6e6;            color: red;            padding: 10px;        }    </style></head><body>    <div class=""alert"">Alert: jam</div>    <p>This is an important message.</p></body></html>",Comment
"<!DOCTYPE html><html lang=""en""><head>    <meta charset=""UTF-8"">    <meta name=""viewport"" content=""width=device-width, initial-scale=1.0"">    <title>Example 3</title></head><body>    <script>        var y = 'jam';        document.write('Output: ' + y);    </script></body></html>",Js Single Quote
"<!DOCTYPE html><html lang=""en""><head>    <meta charset=""UTF-8"">    <meta name=""viewport"" content=""width=device-width, initial-scale=1.0"">    <title>Example 19</title></head><body>    <script>        var message = 'Your selection: ' + 'jam';        console.log(message);    </script></body></html>",Js Single Quote
"<!DOCTYPE html><html lang=""en""><head>    <meta charset=""UTF-8"">    <meta name=""viewport"" content=""width=device-width, initial-scale=1.0"">    <title>Example 13</title></head><body>    <script>        var value = 'Option: ' + 'jam';        document.write(value);    </script></body></html>",Js Single Quote
"<!DOCTYPE html><html lang=""en""><head>    <meta charset=""UTF-8"">    <meta name=""viewport"" content=""width=device-width, initial-scale=1.0"">    <title>Example 18</title></head><body>    <script>        var val = 'The chosen value is ' + 'jam';        alert(val);    </script></body></html>",Js Single Quote
"<!DOCTYPE html><html lang=""en""><head>    <meta charset=""UTF-8"">    <meta name=""viewport"" content=""width=device-width, initial-scale=1.0"">    <title>Example 14</title></head><body>    <script>        var x = 'Value is ' + 'jam';        console.log(x);    </script></body></html>",Js Single Quote
"<!DOCTYPE html><html lang=""en""><head>    <meta charset=""UTF-8"">    <meta name=""viewport"" content=""width=device-width, initial-scale=1.0"">    <title>Example 17</title></head><body>    <script>        var str = 'You entered ' + 'jam';        console.log(str);    </script></body></html>",Js Single Quote
"<!DOCTYPE html><html lang=""en""><head>    <meta charset=""UTF-8"">    <meta name=""viewport"" content=""width=device-width, initial-scale=1.0"">    <title>Example 2</title></head><body>    <script>        var x = 'This is ' + 'jam';        alert('Message: ' + x);    </script></body></html>",Js Single Quote
"<!DOCTYPE html><html lang=""en""><head>    <meta charset=""UTF-8"">    <meta name=""viewport"" content=""width=device-width, initial-scale=1.0"">    <title>Example 15</title></head><body>    <script>        var input = 'Selected: ' + 'jam';        console.log(input);    </script></body></html>",Js Single Quote
"<!DOCTYPE html><html lang=""en""><head>    <meta charset=""UTF-8"">    <meta name=""viewport"" content=""width=device-width, initial-scale=1.0"">    <title>Example 25</title></head><body>    <script>        var output = 'Output: ' + 'jam';        document.write(output);    </script></body></html>",Js Single Quote
"<!DOCTYPE html><html lang=""en""><head>    <meta charset=""UTF-8"">    <meta name=""viewport"" content=""width=device-width, initial-scale=1.0"">    <title>Example 12</title></head><body>    <script>        var message = 'Your input: ' + 'jam';        console.log(message);    </script></body></html>",Js Single Quote
"<!DOCTYPE html><html lang=""en""><head>    <meta charset=""UTF-8"">    <meta name=""viewport"" content=""width=device-width, initial-scale=1.0"">    <title>Example 21</title></head><body>    <script>        var choice = 'Your selection is: ' + 'jam';        console.log(choice);    </script></body></html>",Js Single Quote
"<!DOCTYPE html><html lang=""en""><head>    <meta charset=""UTF-8"">    <meta name=""viewport"" content=""width=device-width, initial-scale=1.0"">    <title>Example 20</title></head><body>    <script>        var x = 'You picked ' + 'jam';        alert(x);    </script></body></html>",Js Single Quote
"<!DOCTYPE html><html lang=""en""><head>    <meta charset=""UTF-8"">    <meta name=""viewport"" content=""width=device-width, initial-scale=1.0"">    <title>Example 24</title></head><body>    <script>        var value = 'Selected value is ' + 'jam';        alert(value);    </script></body></html>",Js Single Quote
"<!DOCTYPE html><html lang=""en""><head>    <meta charset=""UTF-8"">    <meta name=""viewport"" content=""width=device-width, initial-scale=1.0"">    <title>Example 1</title></head><body>    <script>        var x = 'jam';        console.log('Payload: ' + x);    </script></body></html>",Js Single Quote
"<!DOCTYPE html><html lang=""en""><head>    <meta charset=""UTF-8"">    <meta name=""viewport"" content=""width=device-width, initial-scale=1.0"">    <title>Example 6</title></head><body>    <script>        var str = 'This ' + 'is jam';        console.log('Result: ' + str);    </script></body></html>",Js Single Quote
"<!DOCTYPE html><html lang=""en""><head>    <meta charset=""UTF-8"">    <meta name=""viewport"" content=""width=device-width, initial-scale=1.0"">    <title>Example 10</title></head><body>    <script>        var result = 'The selected option is ' + 'jam';        console.log(result);    </script></body></html>",Js Single Quote
"<!DOCTYPE html><html lang=""en""><head>    <meta charset=""UTF-8"">    <meta name=""viewport"" content=""width=device-width, initial-scale=1.0"">    <title>Example 5</title></head><body>    <script>        var message = 'Your value is ' + 'jam';        alert(message);    </script></body></html>",Js Single Quote
"<!DOCTYPE html><html lang=""en""><head>    <meta charset=""UTF-8"">    <meta name=""viewport"" content=""width=device-width, initial-scale=1.0"">    <title>Example 23</title></head><body>    <script>        var item = 'Your item: ' + 'jam';        console.log(item);    </script></body></html>",Js Single Quote
"<!DOCTYPE html><html lang=""en""><head>    <meta charset=""UTF-8"">    <meta name=""viewport"" content=""width=device-width, initial-scale=1.0"">    <title>Example 30</title></head><body>    <script>        var item = 'Item selected: ' + 'jam';        console.log(item);    </script></body></html>",Js Single Quote
"<!DOCTYPE html><html lang=""en""><head>    <meta charset=""UTF-8"">    <meta name=""viewport"" content=""width=device-width, initial-scale=1.0"">    <title>Example 22</title></head><body>    <script>        var val = 'Value selected: ' + 'jam';        alert(val);    </script></body></html>",Js Single Quote
"<!DOCTYPE html><html lang=""en""><head>    <meta charset=""UTF-8"">    <meta name=""viewport"" content=""width=device-width, initial-scale=1.0"">    <title>Example 11</title></head><body>    <script>        var x = 'You selected ' + 'jam';        alert(x);    </script></body></html>",Js Single Quote
"<!DOCTYPE html><html lang=""en""><head>    <meta charset=""UTF-8"">    <meta name=""viewport"" content=""width=device-width, initial-scale=1.0"">    <title>Example 7</title></head><body>    <script>        var val = 'jam';        document.write('Value: ' + val);    </script></body></html>",Js Single Quote
"<!DOCTYPE html><html lang=""en""><head>    <meta charset=""UTF-8"">    <meta name=""viewport"" content=""width=device-width, initial-scale=1.0"">    <title>Example 26</title></head><body>    <script>        var result = 'Result: ' + 'jam';        console.log(result);    </script></body></html>",Js Single Quote
"<!DOCTYPE html><html lang=""en""><head>    <meta charset=""UTF-8"">    <meta name=""viewport"" content=""width=device-width, initial-scale=1.0"">    <title>Example 9</title></head><body>    <script>        var x = 'Value: ' + 'jam';        alert(x);    </script></body></html>",Js Single Quote
"<!DOCTYPE html><html lang=""en""><head>    <meta charset=""UTF-8"">    <meta name=""viewport"" content=""width=device-width, initial-scale=1.0"">    <title>Example 26</title></head><body>    <script>        var result = 'Result: ' + 'jam';        console.log(result);    </script></body></html>",Js Single Quote
"<!DOCTYPE html><html lang=""en""><head>    <meta charset=""UTF-8"">    <meta name=""viewport"" content=""width=device-width, initial-scale=1.0"">    <title>Example 28</title></head><body>    <script>        var x = 'Selection: ' + 'jam';        console.log(x);    </script></body></html>",Js Single Quote
"<!DOCTYPE html><html lang=""en""><head>    <meta charset=""UTF-8"">    <meta name=""viewport"" content=""width=device-width, initial-scale=1.0"">    <title>Example 4</title></head><body>    <script>        var x = 'Another value';        console.log('Data: ' + x + ' ' + 'jam');    </script></body></html>",Js Single Quote
"<!DOCTYPE html><html lang=""en""><head>    <meta charset=""UTF-8"">    <meta name=""viewport"" content=""width=device-width, initial-scale=1.0"">    <title>Example 16</title></head><body>    <script>        var x = 'Your choice: ' + 'jam';        alert(x);    </script></body></html>",Js Single Quote
"<!DOCTYPE html><html lang=""en""><head>    <meta charset=""UTF-8"">    <meta name=""viewport"" content=""width=device-width, initial-scale=1.0"">    <title>Example 29</title></head><body>    <script>        var value = 'Chosen value: ' + 'jam';        console.log(value);    </script></body></html>",Js Single Quote
"<!DOCTYPE html><html lang=""en""><head>    <meta charset=""UTF-8"">    <meta name=""viewport"" content=""width=device-width, initial-scale=1.0"">    <title>Example 8</title></head><body>    <script>        var str = 'Your choice is ' + 'jam';        console.log('Selected: ' + str);    </script></body></html>",Js Single Quote
"<!DOCTYPE html><html lang=""en""><head>    <meta charset=""UTF-8"">    <meta name=""viewport"" content=""width=device-width, initial-scale=1.0"">    <title>Example 3</title></head><body>    <script>        var message = ""Your input: "" + ""jam"";        console.log(message);    </script></body></html>",Js Double Quote
"<!DOCTYPE html><html lang=""en""><head>    <meta charset=""UTF-8"">    <meta name=""viewport"" content=""width=device-width, initial-scale=1.0"">    <title>Example 19</title></head><body>    <script>        var choice = ""Chosen: "" + ""jam"";        console.log(choice);    </script></body></html>",Js Double Quote
"<!DOCTYPE html><html lang=""en""><head>    <meta charset=""UTF-8"">    <meta name=""viewport"" content=""width=device-width, initial-scale=1.0"">    <title>Example 13</title></head><body>    <script>        var output = ""Output: "" + ""jam"";        console.log(output);    </script></body></html>",Js Double Quote
"<!DOCTYPE html><html lang=""en""><head>    <meta charset=""UTF-8"">    <meta name=""viewport"" content=""width=device-width, initial-scale=1.0"">    <title>Example 18</title></head><body>    <script>        var selection = ""User selected: "" + ""jam"";        document.write(selection);    </script></body></html>",Js Double Quote
"<!DOCTYPE html><html lang=""en""><head>    <meta charset=""UTF-8"">    <meta name=""viewport"" content=""width=device-width, initial-scale=1.0"">    <title>Example 14</title></head><body>    <script>        var info = ""Information: "" + ""jam"";        alert(info);    </script></body></html>",Js Double Quote
"<!DOCTYPE html><html lang=""en""><head>    <meta charset=""UTF-8"">    <meta name=""viewport"" content=""width=device-width, initial-scale=1.0"">    <title>Example 17</title></head><body>    <script>        var message = ""Alert: "" + ""jam"";        alert(message);    </script></body></html>",Js Double Quote
"<!DOCTYPE html><html lang=""en""><head>    <meta charset=""UTF-8"">    <meta name=""viewport"" content=""width=device-width, initial-scale=1.0"">    <title>Example 2</title></head><body>    <script>        var x = ""Selected option: "" + ""jam"";        alert(x);    </script></body></html>",Js Double Quote
"<!DOCTYPE html><html lang=""en""><head>    <meta charset=""UTF-8"">    <meta name=""viewport"" content=""width=device-width, initial-scale=1.0"">    <title>Example 15</title></head><body>    <script>        var data = ""Data: "" + ""jam"";        console.log(data);    </script></body></html>",Js Double Quote
"<!DOCTYPE html><html lang=""en""><head>    <meta charset=""UTF-8"">    <meta name=""viewport"" content=""width=device-width, initial-scale=1.0"">    <title>Example 25</title></head><body>    <script>        var selection = ""Selection is: "" + ""jam"";        alert(selection);    </script></body></html>",Js Double Quote
"<!DOCTYPE html><html lang=""en""><head>    <meta charset=""UTF-8"">    <meta name=""viewport"" content=""width=device-width, initial-scale=1.0"">    <title>Example 12</title></head><body>    <script>        var selection = ""Your selection: "" + ""jam"";        document.write(selection);    </script></body></html>",Js Double Quote
"<!DOCTYPE html><html lang=""en""><head>    <meta charset=""UTF-8"">    <meta name=""viewport"" content=""width=device-width, initial-scale=1.0"">    <title>Example 21</title></head><body>    <script>        var result = ""Final result: "" + ""jam"";        console.log(result);    </script></body></html>",Js Double Quote
"<!DOCTYPE html><html lang=""en""><head>    <meta charset=""UTF-8"">    <meta name=""viewport"" content=""width=device-width, initial-scale=1.0"">    <title>Example 20</title></head><body>    <script>        var notification = ""Notification: "" + ""jam"";        alert(notification);    </script></body></html>",Js Double Quote
"<!DOCTYPE html><html lang=""en""><head>    <meta charset=""UTF-8"">    <meta name=""viewport"" content=""width=device-width, initial-scale=1.0"">    <title>Example 24</title></head><body>    <script>        var information = ""Info: "" + ""jam"";        document.write(information);    </script></body></html>",Js Double Quote
"<!DOCTYPE html><html lang=""en""><head>    <meta charset=""UTF-8"">    <meta name=""viewport"" content=""width=device-width, initial-scale=1.0"">    <title>Example 1</title></head><body>    <script>        var x = ""jam"";        console.log(""Payload: "" + x);    </script></body></html>",Js Double Quote
"<!DOCTYPE html><html lang=""en""><head>    <meta charset=""UTF-8"">    <meta name=""viewport"" content=""width=device-width, initial-scale=1.0"">    <title>Example 6</title></head><body>    <script>        var result = ""Result: "" + ""jam"";        alert(result);    </script></body></html>",Js Double Quote
"<!DOCTYPE html><html lang=""en""><head>    <meta charset=""UTF-8"">    <meta name=""viewport"" content=""width=device-width, initial-scale=1.0"">    <title>Example 10</title></head><body>    <script>        var msg = ""Message: "" + ""jam"";        console.log(msg);    </script></body></html>",Js Double Quote
"<!DOCTYPE html><html lang=""en""><head>    <meta charset=""UTF-8"">    <meta name=""viewport"" content=""width=device-width, initial-scale=1.0"">    <title>Example 5</title></head><body>    <script>        var val = ""Value: "" + ""jam"";        console.log(val);    </script></body></html>",Js Double Quote
"<!DOCTYPE html><html lang=""en""><head>    <meta charset=""UTF-8"">    <meta name=""viewport"" content=""width=device-width, initial-scale=1.0"">    <title>Example 23</title></head><body>    <script>        var feedback = ""Feedback: "" + ""jam"";        console.log(feedback);    </script></body></html>",Js Double Quote
"<!DOCTYPE html><html lang=""en""><head>    <meta charset=""UTF-8"">    <meta name=""viewport"" content=""width=device-width, initial-scale=1.0"">    <title>Example 30</title></head><body>    <script>        var outputData = ""Output data: "" + ""jam"";        console.log(outputData);    </script></body></html>",Js Double Quote
"<!DOCTYPE html><html lang=""en""><head>    <meta charset=""UTF-8"">    <meta name=""viewport"" content=""width=device-width, initial-scale=1.0"">    <title>Example 22</title></head><body>    <script>        var data = ""User data: "" + ""jam"";        alert(data);    </script></body></html>",Js Double Quote
"<!DOCTYPE html><html lang=""en""><head>    <meta charset=""UTF-8"">    <meta name=""viewport"" content=""width=device-width, initial-scale=1.0"">    <title>Example 11</title></head><body>    <script>        var value = ""Selected value: "" + ""jam"";        alert(value);    </script></body></html>",Js Double Quote
"<!DOCTYPE html><html lang=""en""><head>    <meta charset=""UTF-8"">    <meta name=""viewport"" content=""width=device-width, initial-scale=1.0"">    <title>Example 7</title></head><body>    <script>        var x = ""You selected: "" + ""jam"";        console.log(x);    </script></body></html>",Js Double Quote
"<!DOCTYPE html><html lang=""en""><head>    <meta charset=""UTF-8"">    <meta name=""viewport"" content=""width=device-width, initial-scale=1.0"">    <title>Example 26</title></head><body>    <script>        var userInput = ""Input: "" + ""jam"";        console.log(userInput);    </script></body></html>",Js Double Quote
"<!DOCTYPE html><html lang=""en""><head>    <meta charset=""UTF-8"">    <meta name=""viewport"" content=""width=device-width, initial-scale=1.0"">    <title>Example 9</title></head><body>    <script>        var x = ""Option is "" + ""jam"";        alert(x);    </script></body></html>",Js Double Quote
"<!DOCTYPE html><html lang=""en""><head>    <meta charset=""UTF-8"">    <meta name=""viewport"" content=""width=device-width, initial-scale=1.0"">    <title>Example 27</title></head><body>    <script>        var alertMessage = ""Alert message: "" + ""jam"";        alert(alertMessage);    </script></body></html>",Js Double Quote
"<!DOCTYPE html><html lang=""en""><head>    <meta charset=""UTF-8"">    <meta name=""viewport"" content=""width=device-width, initial-scale=1.0"">    <title>Example 28</title></head><body>    <script>        var log = ""Log: "" + ""jam"";        console.log(log);    </script></body></html>",Js Double Quote
"<!DOCTYPE html><html lang=""en""><head>    <meta charset=""UTF-8"">    <meta name=""viewport"" content=""width=device-width, initial-scale=1.0"">    <title>Example 4</title></head><body>    <script>        var item = ""Selected item: "" + ""jam"";        console.log(item);    </script></body></html>",Js Double Quote
"<!DOCTYPE html><html lang=""en""><head>    <meta charset=""UTF-8"">    <meta name=""viewport"" content=""width=device-width, initial-scale=1.0"">    <title>Example 15</title></head><body>    <script>        var data = ""Data: "" + ""jam"";        console.log(data);    </script></body></html>",Js Double Quote
"<!DOCTYPE html><html lang=""en""><head>    <meta charset=""UTF-8"">    <meta name=""viewport"" content=""width=device-width, initial-scale=1.0"">    <title>Example 29</title></head><body>    <script>        var userSelection = ""User selection: "" + ""jam"";        document.write(userSelection);    </script></body></html>",Js Double Quote
"<!DOCTYPE html><html lang=""en""><head>    <meta charset=""UTF-8"">    <meta name=""viewport"" content=""width=device-width, initial-scale=1.0"">    <title>Example 8</title></head><body>    <script>        var choice = ""Choice: "" + ""jam"";        document.write(choice);    </script></body></html>",Js Double Quote
